"CMD_MIL_AREA","UF","MUNICIPIO","ENTIDADE","CURSO","LOCAL","INICIO","TERMINO","CARGA_HORARIA","EFETIVO_INICIAL","EFETIVO_FINAL","VALOR_HORA_AULA","VALOR_TOTAL",,
"CMA","AC","Rio Branco","SENAI","Mecânica Básica Auto","SENAI",7-nov,6-dez,"160 ","20 ","20 ","R$ 5,78","R$ 18.496,00",,
"CMA","AC","Rio Branco","SENAC","Récnicas Básicas de Garçom","SENAI","7-nov",6-dez,"160 ","20 ","20 ","R$ 5,75","R$ 18.400,00",,
"CMNE","AL","Maceió","SENAI","Eletricista de Automóveis","SENAI",22-ago,26-out,"180 ","6 ","6 ","R$ 4,42","R$ 4.770,04",,
"CMNE","AL","Maceió","SENAI","Eletricista predial de baixa tensão","SENAI",22-ago,20-set,"220 ","2 ","2 ","R$ 5,07","R$ 2.230,01",,
"CMNE","AL","Maceió","SENAI","Refrigeração Doméstica","SENAI",5-set,22-set,180,1,1,"R$ 5,64","R$ 1.015,00",,
"CMNE","AL","Maceió","SENAI","Básico de Segurança de instalações e Sv de Eletricidade","SENAI",29-ago,28-nov,"40 ","2 ","2 ","R$ 9,00","R$ 720,00",,
"CMNE","AL","Maceió","SENAI","Procedimentos Básicos de Instalação e Mnt de Condicionadores de Ar SPLIT","SENAI",22-ago,26-out,"80 ","2 ","2 ","R$ 8,50","R$ 1.360,00",,
"CMNE","AL","Maceió","SENAC","Almoxarife","SENAC",5-set,24-nov,"160 ","2 ","2 ","R$ 2,25","R$ 720,00",,
"CMNE","AL","Maceió","SENAC","Assistente Administrativo","SENAC",12-set,9-nov,"160 ","4 ","4 ","R$ 2,38","R$ 1.520,00",,
"CMNE","AL","Maceió","SENAI","Balconista de Farmácia","SENAC",19-set,23-set,"270 ","1 ","1 ","R$ 2,67","R$ 720,00",,
"CMNE","AL","Maceió","SENAC","Camareiro em Meios de Hospedagem","SENAC",29-ago,18-nov,"160 ","2 ","2 ","R$ 3,00","R$ 960,00",,
"CMNE","AL","Maceió","SENAC","Confeiteiro","SENAC",26-set,27-dez,"300 ","1 ","1 ","R$ 6,33","R$ 1.900,00",,
"CMNE","AL","Maceió","SENAC","Cozinha Básica","SENAC",29-ago,18-nov,"20 ","4 ","4 ","R$ 11,00","R$ 880,00",,
"CMNE","AL","Maceió","SENAC","Culinária com Tec de Congelamento","SENAC",22-ago,27-set,"20 ","4 ","4 ","R$ 10,00","R$ 800,00",,
"CMNE","AL","Maceió","SENAC","Culinária Natalina","SENAC",26-set,27-dez,"20 ","4 ","4 ","R$ 14,00","R$ 1.120,00",,
"CMNE","AL","Maceió","SENAC","Doces e Salgados","SENAC",7-nov,18-nov,"40 ","2 ","2 ","R$ 7,50","R$ 600,00",,
"CMNE","AL","Maceió","SENAC","Tortas Finas","SENAC",22-ago,27-ago,"20 ","4 ","4 ","R$ 12,50","R$ 1.000,00",,
"CMNE","AL","Maceió","SENAC","Montador e Reparador de Computadores","SENAC",5-set,24-nov,"160 ","2 ","2 ","R$ 5,31","R$ 1.700,00",,
"CMNE","AL","Maceió","SENAC","Redes de Computadores","SENAC",22-ago,27-set,"100 ","1 ","1 ","R$ 8,50","R$ 850,00",,
"CMNE","AL","Maceió","SENAC","CorelDRAW","SENAC",7-nov,18-nov,"40 ","2 ","2 ","R$ 7,50","R$ 600,00",,
"CMNE","AL","Maceió","SENAC","Photoshop","SENAC",19-set,30-set,"60 ","2 ","2 ","R$ 5,00","R$ 600,00",,
"CMNE","AL","Maceió","SENAC","Ilustrador, Photoshop, Designer","SENAC",22-ago,11-out,"110 ","2 ","2 ","R$ 6,36","R$ 1.400,00",,
"CMNE","AL","Maceió","SENAC","Informática Básica - Windows, Word, Excel, power Point e Internet","SENAC",22-ago,11-out,"100 ","6 ","6 ","R$ 5,50","R$ 3.300,00",,
"CMA","AM","Barcelos","CETAM","Eletricista de baixa tensão","3º BIS",7/nov,25/nov,"160 ","20 ",20,"R$ 3,12","R$ 9.970,00",,
"CMA","AM","Humaitá","CETAM","Instalador e reparador de ar condicionado","54º BIS",7/nov,25/nov,"160 ","20 ",20,"R$ 3,12","R$ 9.979,74",,
"CMA","AM","Manaus","CETAM","Instalador hidráulico","Cia C 12ª RM(Prefeitura Militar)",31-out,30-nov,"160 ","30 ",30,"R$ 2,08","R$ 10.000,00",,
"CMA","AM","Manaus","CETAM","Eletricista de baixa tensão Turma I","Cia C 12ª RM(Prefeitura Militar)",22/ago,28/set,"160 ","30 ",29,"R$ 1,14","R$ 5.454,55",,
"CMA","AM","Manaus","CETAM","Eletricista de baixa tensão Turma II","Cia C 12ª RM(Prefeitura Militar)",17/out,17/nov,"160 ","25 ",25,"R$ 1,14","R$ 4.545,45",,
"CMA","AM","Manaus","CETAM","Pintor de obras Turma I","Cia C 12ª RM(Prefeitura Militar)",14/nov,14/dez,"160 ","20 ",20,"R$ 3,13","R$ 10.000,00",,
"CMA","AM","Manaus","CETAM","Pintor de obras Turma II","29ª CSM",25/out,25/nov,"160 ","20 ",20,"R$ 3,13","R$ 10.000,00",,
"CMA","AM","Manaus","CETAM","Mecânico de motor diesel e gasolina","PqRMnt/12",9/mai,9/jun,"160 ","30 ",30,"R$ 0,00","R$ 10.000,00",,
"CMA","AM","Manaus","CETAM","Mecânico de motor de popa","PqRMnt/12",29/ago,30/set,"160 ","32 ",31,"R$ 3,13","R$ 10.000,00",,
"CMA","AM","Manaus","CETAM","Mecânico de automóveis","PqRMnt/12",29/ago,30/set,"160 ","31 ",31,"R$ 3,13","R$ 10.000,00",,
"CMA","AM","Manaus","CETAM","Eletricista de automóveis","PqRMnt/12",8/jul,18/ago,"160 ","22 ",20,"R$ 3,12","R$ 9.000,00",,
"CMA","AM","Manaus","CETAM","Borracheiro/Balanceador","PqRMnt/12",17/out,24/nov,"160 ","10 ","10 ","R$ 3,12","R$ 10.000,00",,
"CMA","AM","Manaus","CETAM","Soldador elétrico","PqRMnt/12",17/out,24/nov,"160 ","20 ","20 ","R$ 3,12","R$ 12.000,00",,
"CMA","AM","Manaus","CETAM","Instalador e rep. de ar condicionado","PqRMnt/12",17/out,24/nov,"160 ","38 ","38 ","R$ 3,12","R$ 10.000,00",,
"CMA","AM","Manaus","DETRAN","Mudança de Categoria de CNH (C; D; e E)","PqRMnt/12",2/mai,11/jun,"160 ","65 ",65,"R$ 5,12","R$ 53.240,00",,
"CMA","AM","Manaus","DETRAN","Mudança de Categoria de CNH (C; D; e E)","PqRMnt/12",13/jun,9/jul,"160 ","32 ",31,"R$ 5,12","R$ 26.210,00",,
"CMA","AM","Manaus","DETRAN","Mudança de Categoria de CNH (C; D; e E)","PqRMnt/12",5/out,10/dez,"160 ","30 ","30 ","R$ 5,12","R$ 24.550,00",,
"CMA","AM","Manaus","DETRAN","Aplicador de revestimento cerâmico","1º BIS (Amv)",14/nov,14/dez,"160 ","20 ","30 ","R$ 3,12","R$ 10.000,00",,
"CMA","AM","Manaus","DETRAN","Panificação","1º BIS (Amv)",17/out,17/nov,"160 ","23 ",23,"R$ 3,12","R$ 10.000,00",,
"CMA","AM","Manaus","CETAM","Operador de computadores","4º CTA",17/out,24/nov,"160 ","31 ",31,"R$ 3,63","R$ 18.000,00",,
"CMA","AM","Manaus","CETAM","Montador e reparador de computadores","4º CTA",29/ago,5/out,"160 ","30 ",28,"R$ 4,00","R$ 19.200,00",,
"CMA","AM","Manaus","CETAM","Instalador e  reparador de  redes","4º CTA",17/out,24/nov,"160 ","30 ",30,"R$ 2,08","R$ 10.000,00",,
"CMA","AM","Manaus","CETAM","Operação e manutenção de motosserra","Cia C 2º Gpt E",12/set,29/set,"160 ","20 ",18,"R$ 3,12","R$ 10.000,00",,
"CMA","AM","Manaus","CETAM","Cozinha regional","Cia C 2º Gpt E",10/out,10/nov,"160 ","24 ",24,"R$ 3,12","R$ 10.000,00",,
"CMA","AM","Manaus","CETAM","Confeitaria (tortas e doces)","Cia C 2º Gpt E",14/nov,14/dez,"160 ","20 ",20,"R$ 3,12","R$ 10.000,00",,
"CMA","AM","Manaus","CETAM","Recepcionista em meios de hospedagem","CIGS",7/nov,2/dez,"160 ","20 ",20,"R$ 3,12","R$ 10.000,00",,
"CMA","AM","Manaus","CETAM","Cozinha  industrial","Cia C CMA",9/mai,9/jun,"160 ","40 ",39,"R$ 3,13","R$ 20.000,00",,
"CMA","AM","Manaus","CETAM","Garçom","Cia C CMA",11/jul,11/ago,"160 ","22 ",19,"R$ 2,84","R$ 10.000,00",,
"CMA","AM","Manaus","CETAM","Jardinagem e  paisagismo Turma I","Cia C CMA",16/mai,16/jun,"160 ","20 ",19,"R$ 3,75","R$ 12.000,00",,
"CMA","AM","Manaus","CETAM","Jardinagem e  paisagismo Turma II","Cia C CMA",14/nov,14/dez,"160 ","20 ",20,"R$ 3,91","R$ 12.500,00",,
"CMA","AM","Manaus","CETAM","Pedreiro Turma I","Cia C CMA",22/ago,29/set,"160 ","20 ",18,"R$ 3,91","R$ 12.500,00",,
"CMA","AM","Manaus","EDITAL","Vigilante armado","7º BPE",7/nov,12/dez,"200 ","31 ",31,"R$ 5,97","R$ 37.000,00",,
"CMA","AM","S G Cachoeira","CETAM","Perfurador de poços artesianos  (*)","21º Cia E Cnst",22/fev,22/mar,"160 ","26 ",23,"R$ 0,73","R$ 3.000,00",,
"CMA","AM","S G Cachoeira","CETAM","Carregadeira, trator de esteira e multiuso (*)","21º Cia E Cnst",22/ago,22/set,"160 ","25 ",24,"R$ 3,12","R$ 12.500,00",,
"CMA","AM","S G Cachoeira","CETAM","pintor de obras","Cmdo 2ª Bda Inf Sl",9/mai,9/jun,"160 ","22 ",8,"R$ 3,12","R$ 10.884,51",,
"CMA","AM","S G Cachoeira","CETAM","Pedreiro","21º Cia E Cnst",9/mai,9/jun,"160 ","25 ",18,"R$ 0,75","R$ 3.000,00",,
"CMA","AM","Tabatinga","CETAM","Pedreiro","8º BIS",10/out,3/nov,"160 ","20 ",15,"R$ 4,69","R$ 15.000,00",,
"CMA","AM","Tabatinga","CETAM","Instalador e reparador de ar condicionado","8º BIS",7/nov,25/nov,"160 ","20 ",20,"R$ 4,69","R$ 15.000,00",,
"CMA","AM","Tabatinga","CETAM","Montador e reparador de computadores","8º BIS",4/jul,29/jul,"160 ","15 ",13,"R$ 2,54","R$ 6.100,00",,
"CMA","AM","Tabatinga","CETAM","Eletricista predial","8º BIS",10/out,28/out,"160 ","20 ",15,"R$ 4,69","R$ 15.000,00",,
"CMA","AM","Tefé","CETAM","Pintor de obras","Cia C 16ª Bda Inf Sl",10/out,3/nov,"160 ","20 ",18,"R$ 3,60","R$ 11.514,74",,
"CMA","AM","Tefé","CETAM","Garçom","Cia C 16ª Bda Inf Sl",10/out,3/nov,"160 ","20 ",19,"R$ 3,60","R$ 11.514,74",,
"CMA","AM","Tefé","CETAM","Mecânico de motores diesel e gasolina","16ª BaLog",28/jul,24/ago,"160 ","20 ",20,"R$ 3,60","R$ 11.514,74",,
"CMA","AM","Tefé","CETAM","Soldador elétrico","16ª BaLog",22/set,14/out,"160 ","20 ",19,"R$ 3,60","R$ 11.514,74",,
"CMA","AM","Tefé","CETAM","Mecânico de motor de popa","16ª BaLog",29/ago,23/set,"160 ","20 ",17,"R$ 3,60","R$ 11.514,74",,
"CMN","AP","MACAPÁ","SENAI","Pizzaiolo","SENAI",19-set,13-out,"60 ","10 ","10 ","R$ 3,75","R$ 6.000,00",,
"CMN","AP","MACAPÁ","SENAI","Salgadeiro","SENAI",17-out,10-dez,"160 ","10 ","10 ","R$ 3,75","R$ 6.000,00",,
"CMN","AP","MACAPÁ","SENAI","Eletricista de Linhas Elétricas de Alta e Média Tensão","SENAI",24-out,22-dez,"160 ","8 ","8 ","R$ 4,73","R$ 6.067,00",,
"CMN","AP","MACAPÁ","SENAI","Instalação e  Mnt de SPLIT","SENAI",31-out,15-dez,"120 ","10 ","10 ","R$ 5,13","R$ 6.150,00",,
"CMNE","BA","Salvador","51º CT","Mnt Rede Telefônica","51º CT",2-mai,3-jun,160,20,20,"R$ 4,00","R$ 12.800,00",,
"CMNE","BA","Salvador","19º BC","Mudança categoria CNH “D”","19º BC",8-ago,30-nov,168,32,32,"R$ 5,00","R$ 26.880,00",,
"CMP","DF","Brasília","SEST/SENAT","Mecânico de Motocicletas","SEST/SENAT",7-mar,11-abr,"160 ","20 ","20 ","R$ 0,00","R$ 0,00",,
"CMP","DF","Brasília","SEST/SENAT","Mecânica Básica Para Motores á Diesel","SEST/SENAT",7-mar,11-abr,"160 ","16 ","20 ","R$ 0,00","R$ 0,00",,
"CMP","DF","Brasília","SEST/SENAT","Movimentação Operacional de Produtos Perigosos(MOPP)","SEST/SENAT",14-mar,28-mar,"60 ","21 ","21 ","R$ 0,00","R$ 0,00",,
"CMP","DF","Brasília","SEST/SENAT","Condutores de Veículos de transporte Coletivo de Passageiros","SEST/SENAT",14-mar,28-mar,"60 ","17 ","17 ","R$ 4,00","R$ 0,00",,
"CMP","DF","Brasília","11º D Sup","Estágio de Adestrador de Cães de Guerra","11º D Sup",23-mai,31-ago,"500 ","7 ","3 ","R$ 0,00","R$ 0,00",,
"CMP","DF","Brasília","SEST/SENAT","Condutores de Veículos de Emergência","SEST/SENAT",4-abr,15-abr,"50 ","20 ","20 ","R$ 0,00","R$ 0,00",,
"CMP","DF","Brasília","HMAB","Auxiliar em Saúde Bucal","HMAB",11-abr,4-ago,"492 ","71 ","69 ","R$ 0,00","R$ 0,00",,
"CMP","DF","Brasília","SEST/SENAT","Condutores de Veículos de Transporte Coletivo de Passageiros","SEST/SENAT",11-jul,15-jul,"40 ","20 ","17 ","R$ 5,00","R$ 4.000,00",,
"CMP","DF","Brasília","SEST/SENAT","Condutores de Veículos de Transporte Coletivo de Passageiros","SEST/SENAT",4-jul,8-jul,"40 ","20 ","20 ","R$ 0,00","R$ 0,00",,
"CMP","DF","Brasília","7º CTA","Montagem e Manutenção de Microcomputadores","7º CTA",13-jun,15-jul,"160 ","20 ","20 ","R$ 4,00","R$ 12.800,00",,
"CMP","DF","Brasília","SEST/SENAT","Condutores de Veículos de Transporte Coletivo de Passageiros","SEST/SENAT",27-jun,1-jul,"40 ","20 ","17 ","R$ 5,00","R$ 4.000,00",,
"CMP","DF","Brasília","SEST/SENAT","Condutores de Veículos de Transporte Coletivo de Passageiros","SEST/SENAT",24-out,28-out,"50 ","25 ","23 ","R$ 4,00","R$ 5.000,00",,
"CMP","DF","Brasília","SEST/SENAT","Condutores de Veículos de Transporte Coletivo de Passageiros","SEST/SENAT",7-nov,11-nov,"50 ","25 ","22 ","R$ 4,00","R$ 5.000,00",,
"CMP","DF","Brasília","HMAB","Auxiliar em Saúde Bucal","HMAB",8-ago,12-dez,"492 ","95 ","90 ","R$ 0,00","R$ 0,00",,
"CMP","DF","Brasília","SEST/SENAT","Condutores de Veículos de Emergência","SEST/SENAT",1-jul,5-jul,"50 ","25 ","21 ","R$ 4,00","R$ 5.000,00",,
"CMP","DF","Brasília","SENAI","Eletricista Instalador Predial","Taguatinga",12-set,17-out,"200 ","18 ","18 ","R$ 5,49","R$ 19.764,00",,
"CMP","DF","Brasília","SENAI","Eletricista de Automóveis","Taguatinga",12-set,7-out,"160 ","16 ","16 ","R$ 5,49","R$ 14.053,49",,
"CMP","DF","Brasília","SENAI","Padeiro","Taguatinga",12-set,7-out,"160 ","20 ","19 ","R$ 5,49","R$ 17.568,00",,
"CMP","DF","Brasília","SENAI","Cozinheiro","Taguatinga",31-out,30-nov,"160 ","20 ","19 ","R$ 5,49","R$ 17.568,00",,
"CMP","DF","Brasília","SENAI","Instalaçao e Manutenção de Aparelhos de Ar-Condicionado","Taguatinga",19-out,23-nov,"180 ","23 ","23 ","R$ 5,25","R$ 21.739,00",,
"CMP","DF","Brasília","SENAI","Web Designer","Taguatinga",5-out,3-nov,"160 ","22 ","22 ","R$ 5,49","R$ 19.324,80",,
"CMP","DF","Brasília","SENAI","Mecânica de Injeção Eletrônica Flex e Diesel Automotivo","Taguatinga",3-out,31-out,"160 ","20 ","19 ","R$ 5,49","R$ 17.568,00",,
"CMP","DF","Brasília","SENAI","Encanador e Instalador Predial","Taguatinga",26-out,25-nov,"160 ","25 ","22 ","R$ 5,49","R$ 21.960,00",,
"CMP","DF","Brasília","7º CTA","Montagem e Manutenção de Microcomputadores","7º CTA",17-out,22-nov,"160 ","20 ","21 ","R$ 4,00","R$ 12.800,00",,
"CMP","DF","Brasília","SEST/SENAT","Condutores de Veículos de Transporte Coletivo de Passageiros","SEST/SENAT",21-nov,25-nov,"50 ","25 ","24 ","R$ 4,00","R$ 5.000,00",,
"CMP","DF","Brasília","SENAI","Mecânico de Refrigeração","Taguatinga",17-out,16-nov,"160 ","18 ","18 ","R$ 0,00","R$ 0,00",,
"CMP","DF","Brasília","SENAI","Instalador Hidráulico Predial","Taguatinga",17-out,16-nov,"160 ","12 ","11 ","R$ 0,00","R$ 0,00",,
"CMP","DF","Brasília","SEST/SENAT","Movimentação Operacional de Produtos Perigosos(MOPP)","16° B Log",7-nov,11-nov,"50 ","45 ","45 ","R$ 0,00","R$ 0,00",,
"CMP","DF","Brasília","LUGER","Vigilante","LUGER",24-nov,22-dez,"200 ","45 ","43 ","R$ 3,49","R$ 31.410,00",,
"CMP","DF","Brasília","LUGER","Vigilante","LUGER",24-nov,22-nov,"200 ","45 ","45 ","R$ 3,49","R$ 31.410,00",,
"CMP","DF","Brasília","SENAC","Recepção em Serviço de Saúde","903 Sul",24-fev,15-mar,"60 ","14 ","14 ","R$ 0,00","R$ 0,00",,
"CMP","DF","Brasília","SENAC","Organizador de Eventos","Jessé Freire",14-mar,27-mai,"200 ","10 ","9 ","R$ 0,00","R$ 0,00",,
"CMP","DF","Brasília","SENAC","Boas Práticas na Manipulação de Alimentos","Jessé Freire",14-mar,18-mar,"20 ","15 ","15 ","R$ 0,00","R$ 0,00",,
"CMP","DF","Brasília","SENAC","Cortes de Carnes","Jessé Freire",28-mar,1-abr,"20 ","15 ","15 ","R$ 0,00","R$ 0,00",,
"CMP","DF","Brasília","SENAC","Técnicas para Cozinheiro","Jessé Freire",4-abr,8-abr,"20 ","10 ","10 ","R$ 0,00","R$ 0,00",,
"CMP","DF","Brasília","SENAC","Técnicas para Salgadeiro","Jessé Freire",11-abr,15-abr,"20 ","15 ","15 ","R$ 0,00","R$ 0,00",,
"CMP","DF","Brasília","SENAC","Editor Gráfico","Setor Comercial Sul",15-set,11-nov,"200 ","20 ","20 ","R$ 4,54","R$ 18.160,00",,
"CMP","DF","Brasília","SENAC","Garçon","CTTH",26-set,9-dez,"250 ","20 ","20 ","R$ 4,73","R$ 23.650,00",,
"CMP","DF","Brasília","SENAC","Salgadeiro","CTTH",26-set,24-nov,"200 ","17 ","17 ","R$ 5,50","R$ 18.700,00",,
"CMP","DF","Brasília","SENAC","Segurança na Manipulação de Alimentos","CTTH",28-nov,8-dez,"40 ","20 ","20 ","R$ 5,00","R$ 4.000,00",,
"CMP","DF","Brasília","SENAC","AutoCad 2D","Setor Comercial Sul",16-nov,2-dez,"60 ","21 ","21 ","R$ 4,50","R$ 5.400,00",,
"CML","ES","Vila Velha","Corpo de Bombeiros – ES","Bombeiro profissional cívil","38º BI",3-out,15-dez,238,30,30,"R$ 0,00","R$ 0,00",,
"CML","ES","Vila Velha","Corpo de Bombeiros – ES","Curso de Guarda Vidas","38º BI",21-nov,4-dez,101,28,28,"R$ 0,00","R$ 0,00",,
"CMP","GO","Goiânia","CAPACITAR","Auxiliar Administrativo","CAPACITAR",14-mar,20-abr,"160 ","16 ","16 ","R$ 0,00","R$ 0,00",,
"CMP","GO","Goiânia","CAPACITAR","Pintor de Obras","CAPACITAR",13-jun,28-jun,"80 ","17 ","17 ","R$ 0,00","R$ 0,00",,"1,2"
"CMP","GO","Goiânia","SENAI","Serralheiro","SENAI",18-jul,12-ago,"160 ","12 ","12 ","R$ 0,00","R$ 0,00",,
"CMP","GO","Goiânia","SENAI","Marceneiro","SENAI",5-set,10-out,"160 ","23 ","23 ","R$ 0,00","R$ 0,00",,
"CMP","GO","Goiânia","SENAI","Mecânico de Manutenção de Moto 125 cc","SENAI",25-out,1-dez,"160 ","23 ","23 ","R$ 0,00","R$ 0,00",,
"CMP","GO","Goiânia","SENAI","Salgadeiro","SENAI",7-nov,22-nov,"60 ","20 ","20 ","R$ 0,00","R$ 0,00",,
"CMN","MA","IMPERATRIZ","SEST/SENAT","Mecânica de Automóveis","SEST/SENAT",31-out,9-dez,"200 ","15 ","15 ","R$ 3,25","R$ 9.750,00",,
"CMN","MA","SÃO LUÍS","SENAI","Movimentação e Operação de Produtos Perigosos (MOPP)","24º BIL",15-ago,23-ago,"50 ","10 ","10 ","R$ 6,72","R$ 3.360,00",,
"CMN","MA","SÃO LUÍS","SENAI","Instalador Hidráulico","24º BIL",15-ago,25-out,"160 ","25 ","25 ","R$ 2,70","R$ 10.820,00",,
"CMN","MA","SÃO LUÍS","SENAI","Assistente Administrativo","24º BIL",12-set,11-out,"160 ","25 ","25 ","R$ 2,70","R$ 10.820,00",,
"CMN","MA","SÃO LUÍS","SENAI","Pedreiro de Alvenaria","24º BIL",7-nov,16-dez,"180 ","25 ","25 ","R$ 0,00","R$ 0,00",,
"CMN","MA","SÃO LUÍS","SENAC","Auxiliar de Garçom","24º BIL",15-ago,25-out,"160 ","25 ","25 ","R$ 2,93","R$ 9.630,00",,
"CML","MG","Belo Horizonte","SENAI","Motor e Introdução a Injeção Eletronica","SENAI",29-ago,28-set,75,1,1,"R$ 7,92","R$ 594,00",,
"CML","MG","Belo Horizonte","SENAI","Eletroeletrônica Automotiva e Introdução a Injeção Eletronica","SENAI",5-set,21-set,48,1,1,"R$ 8,75","R$ 420,00",,
"CML","MG","Belo Horizonte","SENAI","Injeção Eletrônica Automotiva","SENAI",17-out,27-out,32,1,1,"R$ 12,00","R$ 384,00",,
"CML","MG","Belo Horizonte","SENAI","Trava portas, Vidro Elétrico, Alarme e Code","SENAI",14-nov,25-nov,32,1,1,"R$ 12,94","R$ 414,00",,
"CML","MG","Belo Horizonte","SENAC","Recepcionista em meios de Hospedagem","SENAC",27-jun,12-set,160,2,2,"R$ 8,00","R$ 1.280,00",,
"CML","MG","Belo Horizonte","SENAC","Boa Práticas na Manipulação de Alimentos","SENAC",19-set,23-set,20,5,5,"R$ 9,00","R$ 900,00",,
"CMO","MS","Campo Grande","IFMS","ELETRICISTA INSTALADOR PREDIAL BAIXA TENSÃO","IFMS",31-ago,9-dez,200,40,40,"R$ 0,00","R$ 0,00",,
"CMO","MS","Campo Grande","IFMS","INGLÊS","IFMS",31-ago,28-out,200,40,40,"R$ 0,00","R$ 0,00",,
"CMO","MS","Campo Grande","IFMS","ESPANHOL","IFMS",31-ago,28-out,180,40,40,"R$ 0,00","R$ 0,00",,
"CMO","MS","Campo Grande","IFMS","DESENHISTA MECÂNICO","IFMS",31-ago,9-dez,180,40,40,"R$ 0,00","R$ 0,00",,
"CMO","MS","Campo Grande","IFMS","CURSO TÉCNICO SUBSEQUENTE EM INFORMÁTICA","IFMS",31-ago,11-set,200,40,40,"R$ 0,00","R$ 0,00",,
"CMO","MS","Campo Grande","6º CTA","MANUTENÇÃO E SUPORTE EM INFORMÁTICA","6º CTA",1-ago,2-set,160,20,20,"R$ 3,00","R$ 9.600,00",,
"CMO","MS","Campo Grande","6º CTA","WEB DESIGNER","6º CTA",21-set,14-nov,160,20,20,"R$ 3,00","R$ 9.600,00",,
"CMO","MS","Campo Grande","6º CTA","EDITOR GRÁFICO","6º CTA",24-out,25-nov,160,20,20,"R$ 1,70","R$ 5.426,12",,
"CMO","MS","Campo Grande","SEST/SENAT","MOTORISTA TRANSPORTE VEÍCULO EMERGÊNCIA","SEST/SENAT",7-dez,12-dez,50,20,20,"R$ 5,30","R$ 5.300,00",,
"CMO","MS","Campo Grande","SEST/SENAT","MOTORISTA TRANSPORTE VEÍCULO DE COLETIVO","SEST/SENAT",7-dez,12-dez,50,20,20,"R$ 5,15","R$ 5.150,00",,
"CMO","MS","Campo Grande","SEST/SENAT","MOTORISTA DE CARGA INDIVISÍVEL - (****)","SEST/SENAT",7-dez,12-dez,50,15,15,"R$ 5,30","R$ 3.975,00",,
"CMO","MS","Campo Grande","SEST/SENAT","MOTORISTA OPERAÇÕES PERIGOSAS - (MOP)","SEST/SENAT",7-dez,12-dez,50,20,20,"R$ 5,15","R$ 5.150,00",,
"CMO","MS","Campo Grande","SENAI","PINTOR DE OBRAS","CMO",4-jul,10-ago,180,22,22,"R$ 0,00","R$ 0,00",,
"CMO","MS","Campo Grande","SENAI","APLICADOR DE REVESTIMENTOS CERÂMICOS","CMO",16-mai,20-jul,160,20,20,"R$ 0,00","R$ 0,00",,
"CMO","MS","Campo Grande","SENAR","PROCESSAMENTO CASEIRO DO MILHO","CMO",12-abr,14-abr,24,12,12,"R$ 0,00","R$ 0,00",,
"CMO","MS","Campo Grande","SENAR","BENEFICIAMENTO E TRANSFORMAÇÃO CASEIRA DA MANDIOCA","CMO",17-mai,19-mai,24,12,12,"R$ 0,00","R$ 0,00",,
"CMO","MS","Campo Grande","SENAR","PROCESSAMENTO CASEIRO DO TOMATE","CMO",31-mai,2-jun,24,11,11,"R$ 0,00","R$ 0,00",,
"CMO","MS","Campo Grande","SENAR","FABRICAÇÃO CASEIRA DE DERIVADOS DO LEITE","CMO",7-jun,9-jun,24,13,13,"R$ 0,00","R$ 0,00",,
"CMO","MS","Campo Grande","SENAR","CONTROLE DE FORMIGAS CORTADEIRAS","CMO",28-jun,29-jun,16,12,12,"R$ 0,00","R$ 0,00",,
"CMO","MS","Campo Grande","SENAR","CONTROLE DE FORMIGAS CORTADEIRAS -EXTRA","CMO",5-jul,6-jul,16,12,12,"R$ 0,00","R$ 0,00",,
"CMO","MS","Campo Grande","SENAR","OPERAÇÃO E MANUTENÇÃO DE MOTOSSERRA","CMO",12-jul,14-jul,24,14,14,"R$ 0,00","R$ 0,00",,
"CMO","MS","Campo Grande","SENAR","INVENTÁRIO, PODA E DESBASTE EM CULTIVO FLORESTAL","CMO",19-jul,21-jul,24,12,12,"R$ 0,00","R$ 0,00",,
"CMO","MS","Campo Grande","SENAR","REGULAGEM E UTILIZAÇÃO DE PULVERIZADOR (COSTAL/MANUAL)","CMO",26-jul,27-jul,16,10,10,"R$ 0,00","R$ 0,00",,
"CMO","MS","Campo Grande","SENAR","OPERAÇÃO E MANUTENÇÃO DE MOTOSSERRA","CMO",9-ago,11-ago,24,12,12,"R$ 0,00","R$ 0,00",,
"CMO","MS","Campo Grande","SENAR","OPERAÇÃO E MANUTENÇÃO DE MOTOSSERRA","CMO",18-out,20-out,24,24,24,"R$ 0,00","R$ 0,00",,
"CMO","MS","Campo Grande","SENAR","PRODUÇÃO DE BISCOITOS, BOLOS SIMPLES E CONFEITADOS","CMO",25-out,27-out,24,14,14,"R$ 0,00","R$ 0,00",,
"CMO","MS","Campo Grande","SENAR","OPERAÇÃO E MANUTENÇÃO DE MOTOSSERRA","CMO",29-nov,1-dez,24,12,12,"R$ 0,00","R$ 0,00",,
"CMO","MS","Campo Grande","SENAR","PRODUÇÃO DE PÃES E SALGADOS","CMO",29-nov,1-dez,24,12,12,"R$ 0,00","R$ 0,00",,
"CMO","MS","Campo Grande","SENAC","OPERADOR DE COMPUTADOR","CMO – UNIDADE MÓVEL",15-ago,27-out,196,18,18,"R$ 0,00","R$ 0,00",,
"CMO","MS","Campo Grande","SENAC","CONSTRUÇÃO DE WEBSITES COM PHP E MYSQL","CMO – UNIDADE MÓVEL",29-ago,24-out,114,14,12,"R$ 0,00","R$ 0,00",,
"CMO","MS","Campo Grande","SENAC","ESPECIALISTA EM EXCEL","CMO – UNIDADE MÓVEL",17-out,28-nov,114,18,18,"R$ 0,00","R$ 0,00",,
"CMO","MS","Corumbá","SENAC","SALGADEIRO","SENAC",24-out,30-nov,160,15,15,"R$ 6,00","R$ 15.000,00",,
"CMO","MS","Corumbá","SENAC","WEB DESIGNER","SENAC",24-out,6-dez,180,15,15,"R$ 4,00","R$ 12.000,00",,
"CMO","MS","Dourados","28º B Log","MUDANÇA DE CATEGORIA DE CNH categoria D - (***)","28º B Log",7-nov,28-dez,160,27,27,"R$ 2,22","R$ 9.600,00",,
"CMO","MT","Cuiabá","CENTRO EDUCACIONAL DE PAULA","Informática Básica - Windows, Word, Excel, power Point e Internet","9º BEC",7-nov,9-dez,140,13,12,"R$ 5,56","R$ 10.127,00",,
"CMO","MT","Cuiabá","CENTRO EDUCACIONAL DE PAULA","Tranpote Coletivo de Passageiros","9º BEC",31-out,4-nov,50,13,13,"R$ 3,62","R$ 2.353,00",,
"CMO","MT","Cuiabá","CENTRO EDUCACIONAL DE PAULA","Condutor de Veículo de Emergência","9º BEC",31-out,4-nov,50,10,10,"R$ 10,90","R$ 5.449,50",,
"CMN","PA","Altamira","SENAI","Movimentação e Operação de Produtos Perigosos (MOPP)","SENAI",4-abr,22-abr,"50 ","2 ","2 ","R$ 0,00","R$ 0,00",,
"CMN","PA","Altamira","SENAI","Aperfeiçoamento Profissional de Excel Básico e Avançado","SENAI",13-abr,28-abr,"30 ","3 ","3 ","R$ 0,00","R$ 0,00",,
"CMN","PA","Altamira","SENAI","Mecânico de Manutenção em Motor de Popa","SENAI",16-mai,12-jul,"160 ","2 ","2 ","R$ 0,00","R$ 0,00",,
"CMN","PA","Altamira","SENAI","Mecânico de Manutenção em Motocicleta","SENAI",18-abr,16-jun,"160 ","20 ","19 ","R$ 0,00","R$ 0,00",,
"CMN","PA","Altamira","SENAI","Eletricidade conforme a Norma Regulamentadora nr 10","SENAI",18-abr,29-abr,"40 ","1 ","1 ","R$ 0,00","R$ 0,00",,
"CMN","PA","Belém","SENAI","Cozinheiro Industrial","2º BIS",18-jan,8-abr,"160 ","20 ","20 ","R$ 0,00","R$ 0,00",,
"CMN","PA","Belém","SENAI","Soldador","SENAI",2-fev,5-mar,"40 ","1 ","1 ","R$ 0,00","R$ 0,00",,
"CMN","PA","Belém","SENAI","Eletricista Predial","SENAI",20-mar,15-abr,"40 ","2 ","2 ","R$ 0,00","R$ 0,00",,
"CMN","PA","Belém","SENAI","Lanterneiro/Pintor Automotivo","SENAI",5-mar,2-abr,"40 ","1 ","1 ","R$ 0,00","R$ 0,00",,
"CMN","PA","Belém","SENAI","Cozinheiro Industrial","SENAI",2-abr,5-mai,"40 ","2 ","2 ","R$ 0,00","R$ 0,00",,
"CMN","PA","Belém","SEST/SENAT","Frentista","SEST/SENAT",15-fev,10-mar,"40 ","2 ","2 ","R$ 0,00","R$ 0,00",,
"CMN","PA","Belém","SEST/SENAT","Padeiro/Confeiteiro","SEST/SENAT",20-mar,15-jun,"40 ","1 ","1 ","R$ 0,00","R$ 0,00",,
"CMN","PA","Belém","SEST/SENAT","Movimentação e Operação de Produtos Perigosos (MOPP)","SEST/SENAT",7-mar,18-mar,"50 ","5 ","5 ","R$ 0,00","R$ 0,00",,
"CMN","PA","Belém","SEST/SENAT","Condutor de Transporte Coletivo de Passageiros (CTCP)","SEST/SENAT",15-fev,10-mar,"40 ","3 ","3 ","R$ 0,00","R$ 0,00",,
"CMN","PA","Belém","SEST/SENAT","Condutor de Veículo de Emergência","SEST/SENAT",20-mar,15-abr,"40 ","4 ","4 ","R$ 0,00","R$ 0,00",,
"CMN","PA","Belém","SEST/SENAT","Elevador Veicular","SEST/SENAT",13-abr,25-abr,"8 ","2 ","2 ","R$ 0,00","R$ 0,00",,
"CMN","PA","Belém","SEST/SENAT","Operador de Guindaste Veicular","SEST/SENAT",11-abr,10-mai,"40 ","3 ","3 ","R$ 0,00","R$ 0,00",,
"CMN","PA","Belém","SEST/SENAT","Instrutor de Trânsito","SEST/SENAT",2-mai,23-mai,"280 ","1 ","1 ","R$ 0,00","R$ 0,00",,
"CMN","PA","Belém","SEST/SENAT","Porteiro","SEST/SENAT",15-fev,1-mar,"20 ","3 ","3 ","R$ 0,00","R$ 0,00",,
"CMN","PA","Belém","PqRMnt/8","Curso de Formação de Condutores Cat “D”","PqRMnt/8",20-jan,20-fev,"150 ","10 ","10 ","R$ 2,67","R$ 4.000,00",,
"CMN","PA","Belém","PqRMnt/8","Curso de Formação de Condutores Cat “D”","PqRMnt/8",4-mar,7-abr,"150 ","10 ","10 ","R$ 2,67","R$ 4.000,00",,
"CMN","PA","Belém","PqRMnt/8","Curso de Formação de Condutores Cat “D”","PqRMnt/8",13-jun,15-jul,"150 ","14 ","14 ","R$ 2,67","R$ 5.600,00",,
"CMN","PA","Belém","PqRMnt/8","Curso de Formação de Condutores Cat “D”","PqRMnt/8",24-out,16-dez,"150 ","10 ","10 ","R$ 2,67","R$ 4.000,00",,
"CMN","PA","Belém","SENAI","Pedreiro/Bombeiro Hidráulico","2º BIS",16-ago,14-out,"160 ","60 ","60 ","R$ 0,00","R$ 0,00",,
"CMN","PA","Belém","SENAI","Garçom","CMN",1-jun,9-ago,"160 ","21 ","20 ","R$ 0,16","R$ 500,00",,
"CMN","PA","Belém","SENAI","Mecânico de Manutenção em Motocicleta","15ª Cia PE",8-ago,30-set,"160 ","20 ","20 ","R$ 0,00","R$ 0,00",,
"CMN","PA","Belém","SENAI","Mecânica de Refrigeração e Climatização Doméstica","SENAI",4-jul,2-set,"160 ","20 ","20 ","R$ 0,00","R$ 0,00",,
"CMN","PA","Belém","SENAI","Editor de Projeto Gráfico Visual","SENAI",7-mar,9-mai,"160 ","20 ","18 ","R$ 5,40","R$ 17.280,00",,
"CMN","PA","Belém","SENAI","Cozinheiro Industrial","2º BIS",18-jan,7-mar,"160 ","22 ","18 ","R$ 0,00","R$ 0,00",,
"CMN","PA","Belém","SENAI","Mecânico de Motor Diesel","SENAI",15-fev,18-mar,"160 ","20 ","20 ","R$ 8,00","R$ 25.600,00",,
"CMN","PA","Itaituba","I.S. Pantoja","Mecânica Básica","53º BIS",7-nov,9-dez,"160 ","30 ","30 ","R$ 0,63","R$ 3.000,00",,
"CMN","PA","Itaituba","I.S. Pantoja","Segurança no Trabalho","53º BIS",,,50,30,30,"R$ 1,33","R$ 2.000,00",,
"CMN","PA","Itaituba","I.S. Pantoja","Auxiliar de RH","53º BIS",,,160,30,30,"R$ 0,63","R$ 3.000,00",,
"CMN","PA","Marabá","SENAI","Estágio Técnico de Mecânica Básica","SENAI",15-mar,7-abr,"72 ","10 ","10 ","R$ 0,00","R$ 0,00",,
"CMN","PA","Marabá","SENAI","Técnicas em execução de vedações em alvenaria e revestimento cerâmico","SENAI",11-abr,26-abr,"48 ","16 ","16 ","R$ 0,00","R$ 0,00",,
"CMN","PA","Marabá","SENAI","Técnicas em armação de ferragens na construção civil","SENAI",18-abr,26-mai,"116 ","26 ","26 ","R$ 0,00","R$ 0,00",,
"CMN","PA","Marabá","SENAI","Boas práticas na manipulação de alimentos","SENAI",25-abr,29-abr,"20 ","30 ","30 ","R$ 0,00","R$ 0,00",,
"CMN","PA","Marabá","SENAI","Mecânico de Manutenção de Motores de Popa","SENAI",14-mar,15-abr,"160 ","6 ","6 ","R$ 5,21","R$ 5.001,60",,
"CMN","PA","Marabá","SENAI","Mecânico de Motores à Diesel","SENAI",18-jan,27-fev,"160 ","3 ","3 ","R$ 5,21","R$ 2.500,80",,
"CMN","PA","Santarém","SEST/SENAT","Mecânico de Máquinas Pesadas","SEST/SENAT",4-mar,7-abr,160,14,12,"R$ 1,87","R$ 3.000,00",,
"CMN","PA","Santarém","SEST/SENAT","Mecânico de Motor a Diesel","SEST/SENAT",13-jun,15-jul,160,13,12,"R$ 1,87","R$ 3.000,00",,
"CMN","PA","Santarém","SEST/SENAT","Injeção Eletrônica de veículos leves","SEST/SENAT",18-jul,12-ago,160,14,14,"R$ 1,87","R$ 3.000,00",,
"CMN","PA","Tucuruí","Domingos Glória de Araújo","Mecânica de Automóveis","23º EsqdCSl",18-jan,8-abr,"180 ","7 ","7 ","R$ 4,54","R$ 8.203,30",,
"CMN","PA","Tucuruí","Domingos Glória de Araújo","Pedreiro de Alvenaria","23º EsqdCSl",18-jul,29-jul,"160 ","6 ","6 ","R$ 4,54","R$ 7.374,00",,
"CMNE","PE","Garanhuns","SENAC","Tecnicas de Cozinha","SENAC - Garanhuns",24-out,9-nov,"80 ","21 ","21 ","R$ 6,29","R$ 10.567,20",,
"CMNE","PE","Petrolina","SENAI","Auxiliar de Manutenção Predial","SENAI - Petrolina",17-out,18-nov,"180 ","26 ","26 ","R$ 5,60","R$ 26.208,00",,
"CMNE","PE","Recife","SEST/SENAT","Operador de Empilhadeira","7º D Sup",24-out,27-out,"28 ","21 ","21 ","R$ 4,00","R$ 2.352,00",,
"CMNE","PE","Recife","SEST/SENAT","Condutor de Veículo de Emergência","Pq R Mnt/7",24-out,7-nov,"50 ","21 ","21 ","R$ 4,00","R$ 4.200,00",,
"CMNE","PE","Recife","SEST/SENAT","Condutores Transporte Coletivo Passageiro","SENAT",24-out,7-nov,"50 ","21 ","21 ","R$ 4,00","R$ 4.200,00",,
"CMNE","PE","Recife","SEST/SENAT","Transporte de Produtos Perigosos","SENAT",24-out,7-nov,"50 ","21 ","21 ","R$ 4,00","R$ 4.200,00",,
"CMNE","PE","Recife","SENAC","Fotografo com Câmera Compacta","SENAC",7-nov,14-nov,"24 ","21 ","21 ","R$ 5,33","R$ 2.686,32",,
"CMNE","PE","Recife","SENAC","Atendimento Pré-hospitalar/Primeiros Socorros","SENAC",18-out,16-nov,"80 ","21 ","21 ","R$ 5,33","R$ 8.954,40",,
"CMNE","PI","TERESINA","SEST/SENAT","ELETRICIDADE BÁSICA VEICULAR","SEST/SENAT",11-jul,19-ago,200,15,15,"R$ 2,65","R$ 7.950,00",,
"CMNE","PI","TERESINA","SEST/SENAT","MECÂNICA DE AUTOS E DIESEL","SEST/SENAT",12-set,19-out,200,15,15,"R$ 2,65","R$ 7.950,00",,
"CMNE","PI","TERESINA","SEST/SENAT","INJEÇÃO ELETRÔNICA","SEST/SENAT",7-nov,9-dez,140,15,15,"R$ 3,75","R$ 7.875,00",,
"CMS","PR","Cascavel","SENAC","Fotógrafo","SENAC",2-ago,1-set,"30 ","1 ","1 ","R$ 0,00","R$ 0,00",,
"CMS","PR","Curitiba","SEST/SENAT","Condutores de veículos de Emergência","SEST/SENAT",10-out,19-out,"50 ","20 ","20 ","R$ 5,90","R$ 5.900,00",,
"CMS","PR","Curitiba","SEST/SENAT","Condutores de Veículos de Transporte Coletivo de Passageiros","SEST/SENAT",24-out,9-nov,"50 ","20 ","20 ","R$ 5,90","R$ 5.900,00",,
"CMS","PR","Palmas","SENAI","Operador de Roçadeira","Sindicato Rural de Palmas",15-fev,16-fev,"16 ","5 ","5 ","R$ 0,00","R$ 0,00",,
"CMS","PR","Palmas","SENAI","Segurança do Trabalho","Sindicato Rural de Palmas",28-mar,29-mar,"16 ","1 ","1 ","R$ 0,00","R$ 0,00",,
"CML","RJ","Petrópolis","SENAI","Eletricista predial","SENAI",1-jun,1-nov,400,9,9,"R$ 0,00","R$ 0,00",,
"CML","RJ","Petrópolis","SENAI","Eletricista automotivo","SENAI",20-jun,1-set,200,3,3,"R$ 0,00","R$ 0,00",,
"CML","RJ","Petrópolis","SENAI","Mecânico Motores","SENAI",1-jul,27-set,60,1,1,"R$ 0,00","R$ 0,00",,
"CML","RJ","Petrópolis","SENAI","Montador de Painés eletricos","SENAI",4-jul,27-set,160,3,3,"R$ 0,00","R$ 0,00",,
"CML","RJ","Petrópolis","SENAI","Operador de Computador","SENAI",4-jul,31-ago,160,3,3,"R$ 0,00","R$ 0,00",,
"CML","RJ","Petrópolis","SENAI","Pedreiro de alvenaria","SENAI",4-jul,16-set,200,3,3,"R$ 0,00","R$ 0,00",,
"CML","RJ","Petrópolis","SENAI","Condutor de veiculo de emergencia","SENAI",18-jul,22-jul,50,1,1,"R$ 0,00","R$ 0,00",,
"CML","RJ","Petrópolis","SEST/SENAT","Soldador ","SENAI",4-abr,1-nov,248,1,1,"R$ 0,00","R$ 0,00",,
"CML","RJ","Petrópolis","SENAI","Instalador e operador de Redes","SENAI",5-set,16-dez,280,1,1,"R$ 0,00","R$ 0,00",,
"CML","RJ","Resende","SENAI","Mecânico de Usinagem","SENAI",6-jun,16-dez,560,6,6,"R$ 0,00","R$ 0,00",,
"CML","RJ","Resende","SENAI","Pintor de Aumóveis ","SENAI",6-jun,4-nov,420,3,3,"R$ 0,00","R$ 0,00",,
"CML","RJ","Resende","SENAI","Soldador de Aço Carbono Mag 6G","SENAI",23-mai,21-out,352,3,3,"R$ 0,00","R$ 0,00",,
"CML","RJ","Resende","SENAI","Mecânico de Manutenção de Motores Ciclo Diesel","SENAI",23-mai,23-set,360,10,10,"R$ 0,00","R$ 0,00",,
"CML","RJ","Resende","SENAI","Eletricista de Força e Controle","SENAI",23-mai,19-nov,480,14,14,"R$ 0,00","R$ 0,00",,
"CML","RJ","Resende","SENAI","Padeiro","SENAI",9-mai,12-ago,280,6,6,"R$ 0,00","R$ 0,00",,
"CML","RJ","Resende","SENAI","Confeiteiro","SENAI",9-mai,12-ago,280,6,6,"R$ 0,00","R$ 0,00",,
"CML","RJ","Resende","SENAI","Atendimento ao cliente em ambiente de panificação e confeitaria","SENAI",9-mai,3-jun,80,14,14,"R$ 0,00","R$ 0,00",,
"CML","RJ","Resende","SENAI","Pizzaiolo","SENAI",25-out,23-dez,160,10,10,"R$ 0,00","R$ 0,00",,
"CML","RJ","Resende","SENAI","Pizzaiolo","SENAI",25-out,23-dez,160,20,20,"R$ 0,00","R$ 0,00",,
"CML","RJ","Resende","SENAI","Pizzaiolo","SENAI",25-out,23-dez,160,10,10,"R$ 0,00","R$ 0,00",,
"CML","RJ","Resende","SENAI","Pizzaiolo","SENAI",25-out,23-dez,160,10,10,"R$ 0,00","R$ 0,00",,
"CML","RJ","Resende","SENAI","Atendimento ao cliente em ambiente de panificação e confeitaria","SENAI",28-nov,16-dez,52,20,20,"R$ 0,00","R$ 0,00",,
"CML","RJ","Resende","SENAI","Excelência no atendimento ao cliente","SENAI",24-out,28-out,20,5,5,"R$ 0,00","R$ 0,00",,
"CML","RJ","Resende","SENAI","Montador de motores automotores","SENAI",13-out,9-dez,200,2,2,"R$ 0,00","R$ 0,00",,
"CML","RJ","Resende","SENAI","Assistente de produção industrial ","SENAI",13-out,1-nov,160,2,2,"R$ 0,00","R$ 0,00",,
"CML","RJ","Resende","SENAI","Auxiliar de operações em logística","SENAI",13-out,1-nov,160,2,2,"R$ 0,00","R$ 0,00",,
"CML","RJ","Resende","SENAI","expedidor de materiais","SENAI",13-out,21-dez,224,3,3,"R$ 0,00","R$ 0,00",,
"CML","RJ","Resende","SENAI","Polidor automotivo – EAD","SENAI",10-out,10-nov,180,2,2,"R$ 0,00","R$ 0,00",,
"CML","RJ","Resende","SENAI","Pedreino de Alvenaria","SENAI",26-out,23-dez,200,16,19,"R$ 0,00","R$ 0,00",,
"CML","RJ","Resende","SENAI","Pizzaiolo ","SENAI",25-out,23-dez,160,9,9,"R$ 0,00","R$ 0,00",,
"CML","RJ","Resende","SENAI","Pizzaiolo ","SENAI",25-out,23-dez,160,17,17,"R$ 0,00","R$ 0,00",,
"CML","RJ","Resende","SENAI","Atendimento ao cliente em ambiente de panificação e confeitaria","SENAI",28-nov,16-dez,52,1,1,"R$ 0,00","R$ 0,00",,
"CML","RJ","Rio de Janeiro","SENAC","Recepcionista em meios de Hospedagem","SENAC",12-set,14-out,160,2,2,"R$ 9,45","R$ 3.022,56",,
"CML","RJ","Rio de Janeiro","25º B Log","Mudança de Categoria","25º B Log",8-ago,11-nov,160,30,30,"R$ 0,00","R$ 0,00",,
"CML","RJ","Rio de Janeiro","SENAI – SESI","Eletricista de Obras","SESI Cidadania Realengo",11-jul,11-out,280,1,1,"R$ 0,00","R$ 0,00",,
"CML","RJ","Rio de Janeiro","SENAI – SESI","Auxiliar de Logistica","SESI Cidadania Realengo",1-ago,30-set,160,3,3,"R$ 0,00","R$ 0,00",,
"CML","RJ","Rio de Janeiro","SENAI – SESI","Gasista / tub Gás","SESI Cidadania Realengo",20-jun,16-set,280,1,1,"R$ 0,00","R$ 0,00",,
"CML","RJ","Rio de Janeiro","SENAI – SESI","Pintor de Obras","SESI Cidadania Realengo",27-jun,6-set,220,1,1,"R$ 0,00","R$ 0,00",,
"CML","RJ","Rio de Janeiro","SENAI – SESI","Eletricista ","SESI Cidadania Realengo",11-jul,11-out,280,1,1,"R$ 0,00","R$ 0,00",,
"CML","RJ","Rio de Janeiro","SENAI – SESI","Aux de logistica","SESI Cidadania Realengo",1-ago,30-set,160,1,1,"R$ 0,00","R$ 0,00",,
"CML","RJ","Rio de Janeiro","SENAI – SESI","Pintor de Obras","SESI Cidadania Realengo",20-jun,16-set,280,1,1,"R$ 0,00","R$ 0,00",,
"CML","RJ","Rio de Janeiro","SENAI – SESI","Auxiliar de Logística","SESI Cidadania Realengo",27-jun,6-set,220,1,1,"R$ 0,00","R$ 0,00",,
"CML","RJ","Rio de Janeiro","SENAI – SESI","Auxiliar de Logística","SESI Cidadania Realengo",10-out,9-dez,160,4,4,"R$ 0,00","R$ 0,00",,
"CMA","RO","Porto Velho","SENAI","Instalador de Refrigeração e Climatização Doméstica","SENAI",31-out,6-dez,160,25,25,"R$ 5,01","R$ 20.040,00",,
"CMA","RO","Porto Velho","SENAC","Auxiliar de Cozinha","SENAC",3-out,17-nov,200,20,20,"R$ 7,95","R$ 31.800,00",,
"CMA","RR","Boa Vista","SEST/SENAT","Condutor de Veículos de Passageiros","6º BEC",17-out,11-nov,50,24,24,"R$ 6,50","R$ 7.800,00",,
"CMA","RR","Boa Vista","SENAI","Pedreiro Assentador de Tijolos","SENAI",17-out,21-dez,180,20,20,"R$ 1,39","R$ 5.000,00",,
"CMS","RS","ALEGRETE","10º B Log","Mudança de Categoria de CNH (C; D; e E)","CFC 10º B Log",7-mar,18-mar,100,11,11,"R$ 5,00","R$ 5.000,00",,
"CMS","RS","ALEGRETE","10º B Log","Mudança de Categoria de CNH (C; D; e E)","CFC 10º B Log",28-mar,8-abr,100,10,10,"R$ 5,00","R$ 5.500,00",,
"CMS","RS","ALEGRETE","10º B Log","Mudança de Categoria de CNH (C; D; e E)","CFC 10º B Log",11-abr,29-abr,100,12,12,"R$ 5,00","R$ 5.000,00",,
"CMS","RS","ALEGRETE","10º B Log","Mudança de Categoria de CNH (C; D; e E)","CFC 10º B Log",2-mai,13-mai,100,12,12,"R$ 5,00","R$ 6.000,00",,
"CMS","RS","ALEGRETE","10º B Log","Mudança de Categoria de CNH (C; D; e E)","CFC 10º B Log",16-mai,3-jun,100,12,12,"R$ 5,00","R$ 6.000,00",,
"CMS","RS","ALEGRETE","10º B Log","Mudança de Categoria de CNH (C; D; e E)","CFC 10º B Log",6-jun,17-jun,100,16,16,"R$ 5,00","R$ 6.000,00",,
"CMS","RS","ALEGRETE","10º B Log","Mudança de Categoria de CNH (C; D; e E)","CFC 10º B Log",27-jun,8-jul,100,12,10,"R$ 5,00","R$ 6.000,00",,
"CMS","RS","ALEGRETE","10º B Log","Mudança de Categoria de CNH (C; D; e E)","CFC 10º B Log",23-set,23-set,100,12,6,"R$ 5,00","R$ 6.000,00",,
"CMS","RS","ALEGRETE","10º B Log","Mudança de Categoria de CNH (C; D; e E)","CFC 10º B Log",26-set,7-out,100,12,8,"R$ 5,00","R$ 6.000,00",,
"CMS","RS","ALEGRETE","10º B Log","Mudança de Categoria de CNH (C; D; e E)","CFC 10º B Log",17-out,28-out,100,10,10,"R$ 5,00","R$ 6.000,00",,
"CMS","RS","ALEGRETE","10º B Log","Mudança de Categoria de CNH (C; D; e E)","CFC 10º B Log",31-out,11-nov,100,6,6,"R$ 5,00","R$ 6.000,00",,
"CMS","RS","ALEGRETE","10º B Log","Mudança de Categoria de CNH (C; D; e E)","CFC 10º B Log",14-nov,25-nov,100,7,7,"R$ 5,00","R$ 6.000,00",,
"CMS","RS","CACHOEIRA DO SUL","3º BE Cmb","Mudança de Categoria de CNH (C; D; e E)","3º BE Cmb",20-jun,20-jul,100,12,12,"R$ 5,00","R$ 6.000,00",,
"CMS","RS","CACHOEIRA DO SUL","3º BE Cmb","Mudança de Categoria de CNH (C; D; e E)","3º BE Cmb",1-ago,31-ago,100,12,11,"R$ 5,00","R$ 6.000,00",,
"CMS","RS","CACHOEIRA DO SUL","3º BE Cmb","Mudança de Categoria de CNH (C; D; e E)","3º BE Cmb",18-out,21-nov,100,12,13,"R$ 5,00","R$ 6.000,00",,
"CMS","RS","CACHOEIRA DO SUL","3º BE Cmb","transporte de cargas perigosas","CFC Intelligence",28-nov,2-dez,50,25,25,"R$ 5,00","R$ 4.000,00",,
"CMS","RS","CACHOEIRA DO SUL","13º GAC","transporte coletivo de passageiros","CFC Intelligence",5-dez,9-dez,50,25,25,"R$ 3,20","R$ 4.000,00",,
"CMS","RS","CACHOEIRA DO SUL","13º GAC","transporte de emergência","CFC Intelligence",7-nov,11-nov,50,25,25,"R$ 3,20","R$ 4.000,00",,
"CMS","RS","São Leopoldo","16º GAC AP","transporte coletivo passageiros ","CFC CABERLON",1-nov,30-nov,25,10,10,"R$ 3,92","R$ 2.500,00",,
"CMS","RS","CRUZ ALTA","SEST/SENAT","condutor de Cargas Perigosas","29º GAC AP",23-mai,17-jun,50,25,19,"R$ 3,20","R$ 4.000,00",,
"CMS","RS","CRUZ ALTA","SEST/SENAT","transporte coletivo de passageiros","29º GAC AP",18-jul,19-ago,50,25,25,"R$ 3,20","R$ 4.000,00",,
"CMS","RS","IJUI","27º GAC","transporte cargas perigosas","27º GAC",26-set,30-set,50,18,18,"R$ 3,00","R$ 2.650,00",,
"CMS","RS","IJUI","27º GAC","transporte coletivo de passageiros","27º GAC",7-nov,11-nov,50,20,19,"R$ 3,00","R$ 2.650,00",,
"CMS","RS","IJUI","27º GAC","transporte de emergência","27º GAC",5-dez,9-dez,50,15,15,"R$ 3,00","R$ 2.650,00",,
"CMS","RS","PORTO ALEGRE","8º B Log","mudança categoria CNH “E”","8º B Log",4-jan,11-mar,100,3,2,"R$ 5,00","R$ 1.500,00",,
"CMS","RS","PORTO ALEGRE","8º B Log","Mudança de Categoria de CNH (Categoria C)","8º B Log",10-jan,15-mar,100,26,25,"R$ 5,00","R$ 13.000,00",,
"CMS","RS","PORTO ALEGRE","8º B Log","Mudança  categoria CNH (categoria D)","8º B Log",10-jan,15-mar,100,10,9,"R$ 5,00","R$ 5.000,00",,
"CMS","RS","PORTO ALEGRE","8º B Log","Mudança de Categoria de CNH (Categoria C)","8º B Log",2-mai,18-jul,100,4,4,"R$ 5,00","R$ 2.000,00",,
"CMS","RS","PORTO ALEGRE","8º B Log","Mudança  categoria CNH (categoria D)","8º B Log",2-mai,18-jul,100,4,4,"R$ 5,00","R$ 2.000,00",,
"CMS","RS","PORTO ALEGRE","8º B Log","mudança categoria CNH “E”","8º B Log",2-mai,18-jul,100,4,4,"R$ 5,00","R$ 2.000,00",,
"CMS","RS","PORTO ALEGRE","8º B Log","mudança categoria CNH “E”","8º B Log",25-jul,2-set,100,7,7,"R$ 5,00","R$ 3.500,00",,
"CMS","RS","PORTO ALEGRE","8º B Log","mudança categoria CNH “E”","8º B Log",12-set,7-out,100,10,10,"R$ 5,00","R$ 5.000,00",,
"CMS","RS","PORTO ALEGRE","Cmdo CMS","transporte coletivo de passageiros e de cargas perigosas","Cia C CMS",17-out,11-nov,75,25,25,"R$ 5,00","R$ 8.000,00",,
"CMS","RS","PORTO ALEGRE","SEST/SENAT","transporte cargas perigosas ","B Adm Ap/3",28-nov,7-dez,50,19,19,"R$ 3,60","R$ 3.420,00",,
"CMS","RS","PORTO ALEGRE","SEST/SENAT","transporte de emergência","B Adm Ap/3",28-nov,7-dez,50,25,25,"R$ 2,00","R$ 2.500,00",,
"CMS","RS","PORTO ALEGRE","SENAI","Caldereiro Profissional","CPOR/PA",19-set,14-out,160,2,2,"R$ 10,76","R$ 3.444,00",,
"CMS","RS","PORTO ALEGRE","3º BPE","Mudança  categoria CNH (categoria D)","3º BPE","19-dez",25-fev,100,28,28,"R$ 3,57","R$ 10.000,00",,
"CMS","RS","SANTA MARIA","4º B Log","Mudança de Categoria de CNH (C; D; e E)","CFC Verde Oliva",15-fev,26-fev,160,12,12,"R$ 1,74","R$ 3.333,33",,
"CMS","RS","SANTA MARIA","4º B Log","transporte escolar","CFC Verde Oliva",16-fev,24-fev,50,25,25,"R$ 2,67","R$ 3.333,33",,
"CMS","RS","SANTA MARIA","4º B Log","Mudança de Categoria de CNH (C; D; e E)","CFC Verde Oliva",29-fev,11-mar,160,12,12,"R$ 1,74","R$ 3.333,33",,
"CMS","RS","SANTA MARIA","4º B Log","transporte coletivo de passageiros","CFC Verde Oliva",1-mar,9-mar,50,25,25,"R$ 2,67","R$ 3.333,33",,
"CMS","RS","SANTA MARIA","4º B Log","Mudança de Categoria de CNH (C; D; e E)","CFC Verde Oliva",14-mar,24-mar,160,12,12,"R$ 1,74","R$ 3.333,33",,
"CMS","RS","SANTA MARIA","4º B Log","transporte de produtos perigosos","CFC Verde Oliva",15-mar,23-mar,50,25,25,"R$ 2,67","R$ 3.333,33",,
"CMS","RS","SANTA MARIA","4º B Log","Mudança de Categoria de CNH (C; D; e E)","CFC Verde Oliva",28-mar,8-abr,160,12,12,"R$ 1,74","R$ 3.333,33",,
"CMS","RS","SANTA MARIA","4º B Log","cargas indivisíveis","CFC Verde Oliva",29-mar,6-abr,50,25,25,"R$ 2,67","R$ 3.333,33",,
"CMS","RS","SANTA MARIA","4º B Log","Mudança de Categoria de CNH (C; D; e E)","CFC Verde Oliva",11-abr,22-abr,160,12,12,"R$ 1,74","R$ 3.333,33",,
"CMS","RS","SANTA MARIA","4º B Log","transporte de emergência","CFC Verde Oliva",12-abr,20-abr,50,25,25,"R$ 2,67","R$ 3.333,33",,
"CMS","RS","SANTA MARIA","4º B Log","Mudança de Categoria de CNH (C; D; e E)","CFC Verde Oliva",25-abr,6-mai,160,12,12,"R$ 1,74","R$ 3.333,33",,
"CMS","RS","SANTA MARIA","4º B Log","transporte escolar","CFC Verde Oliva",26-abr,4-mai,50,25,25,"R$ 2,67","R$ 3.333,33",,
"CMS","RS","SANTA MARIA","4º B Log","Mudança de Categoria de CNH (C; D; e E)","CFC Verde Oliva",9-mai,20-mai,80,12,12,"R$ 5,00","R$ 4.800,00",,
"CMS","RS","SANTA MARIA","4º B Log","transporte coletivo de passageiros","CFC Verde Oliva",10-mai,19-mai,50,25,25,"R$ 5,00","R$ 6.250,00",,
"CMS","RS","SANTA MARIA","4º B Log","Mudança de Categoria de CNH (C; D; e E)","CFC Verde Oliva",30-mai,10-jun,80,12,12,"R$ 5,00","R$ 4.800,00",,
"CMS","RS","SANTA MARIA","4º B Log","transporte de produtos perigosos","CFC Verde Oliva",31-mai,8-jun,50,25,25,"R$ 5,00","R$ 6.250,00",,
"CMS","RS","SANTA MARIA","4º B Log","Mudança de Categoria de CNH (C; D; e E)","CFC Verde Oliva",13-jun,24-jun,80,12,12,"R$ 5,00","R$ 4.800,00",,
"CMS","RS","SANTA MARIA","4º B Log","cargas indivisíveis","CFC Verde Oliva",14-jun,22-jun,50,25,25,"R$ 5,00","R$ 6.250,00",,
"CMS","RS","SANTA MARIA","4º B Log","Mudança de Categoria de CNH (C; D; e E)","CFC Verde Oliva",27-jun,8-jul,80,12,12,"R$ 5,00","R$ 4.800,00",,
"CMS","RS","SANTA MARIA","4º B Log","transporte de emergência","CFC Verde Oliva",28-jun,6-jul,50,25,25,"R$ 5,00","R$ 6.250,00",,
"CMS","RS","SANTA MARIA","4º B Log","Mudança de Categoria de CNH (C; D; e E)","CFC Verde Oliva",11-jul,22-jul,80,12,12,"R$ 5,00","R$ 4.800,00",,
"CMS","RS","SANTA MARIA","4º B Log","transporte escolar","CFC Verde Oliva",12-jul,20-jul,50,25,17,"R$ 5,00","R$ 6.250,00",,
"CMS","RS","SANTA MARIA","4º B Log","Mudança de Categoria de CNH (C; D; e E)","CFC Verde Oliva",25-jul,5-ago,80,12,12,"R$ 5,00","R$ 4.800,00",,
"CMS","RS","SANTA MARIA","4º B Log","transporte coletivo de passageiros","CFC Verde Oliva",26-jul,3-ago,50,25,21,"R$ 5,00","R$ 6.250,00",,
"CMS","RS","SANTA MARIA","4º B Log","Mudança de Categoria de CNH (C; D; e E)","CFC Verde Oliva",8-ago,19-ago,80,12,12,"R$ 5,00","R$ 4.800,00",,
"CMS","RS","SANTA MARIA","4º B Log","transporte de produtos perigosos","CFC Verde Oliva",9-ago,17-ago,50,25,25,"R$ 5,00","R$ 6.250,00",,
"CMS","RS","SANTA MARIA","4º B Log","Mudança de Categoria de CNH (C; D; e E)","CFC Verde Oliva",29-ago,9-set,80,12,12,"R$ 5,00","R$ 4.800,00",,
"CMS","RS","SANTA MARIA","4º B Log","cargas indivisíveis","CFC Verde Oliva",30-ago,8-set,50,25,25,"R$ 5,00","R$ 6.250,00",,
"CMS","RS","SANTA MARIA","4º B Log","Mudança de Categoria de CNH (C; D; e E)","CFC Verde Oliva",12-set,23-set,80,12,12,"R$ 5,00","R$ 4.800,00",,
"CMS","RS","SANTA MARIA","4º B Log","transporte de emergência","CFC Verde Oliva",13-set,22-set,50,25,25,"R$ 5,00","R$ 6.250,00",,
"CMS","RS","SANTA MARIA","4º B Log","Mudança de Categoria de CNH (C; D; e E)","CFC Verde Oliva",26-set,7-out,80,12,12,"R$ 5,00","R$ 4.800,00",,
"CMS","RS","SANTA MARIA","4º B Log","transporte escolar","CFC Verde Oliva",27-set,5-out,50,25,20,"R$ 5,00","R$ 6.250,00",,
"CMS","RS","SANTA MARIA","4º B Log","Mudança de Categoria de CNH (C; D; e E)","CFC Verde Oliva",10-out,22-out,80,12,12,"R$ 5,00","R$ 4.800,00",,
"CMS","RS","SANTA MARIA","4º B Log","transporte coletivo de passageiros","CFC Verde Oliva",11-out,20-out,50,25,25,"R$ 5,00","R$ 6.250,00",,
"CMS","RS","SANTA MARIA","4º B Log","Mudança de Categoria de CNH (C; D; e E)","CFC Verde Oliva",24-out,4-nov,80,12,12,"R$ 5,00","R$ 4.800,00",,
"CMS","RS","SANTA MARIA","4º B Log","transporte de produtos perigosos","CFC Verde Oliva",25-out,3-nov,50,25,23,"R$ 5,00","R$ 6.250,00",,
"CMS","RS","SANTA MARIA","4º B Log","Mudança de Categoria de CNH (C; D; e E)","CFC Verde Oliva",7-nov,19-nov,80,12,12,"R$ 5,00","R$ 4.800,00",,
"CMS","RS","SANTA MARIA","4º B Log","cargas indivisíveis","CFC Verde Oliva",8-nov,17-nov,50,25,25,"R$ 5,00","R$ 6.250,00",,
"CMS","RS","SANTA MARIA","4º B Log","Mudança de Categoria de CNH (C; D; e E)","CFC Verde Oliva",21-nov,2-dez,80,12,12,"R$ 5,00","R$ 4.800,00",,
"CMS","RS","SANTA MARIA","4º B Log","transporte de emergência","CFC Verde Oliva",22-nov,30-nov,50,25,23,"R$ 5,00","R$ 6.250,00",,
"CMS","RS","SANTA MARIA","4º B Log","Mudança de Categoria de CNH (C; D; e E)","CFC Verde Oliva",5-dez,16-dez,80,12,12,"R$ 5,00","R$ 4.800,00",,
"CMS","RS","SANTA MARIA","4º B Log","cargas indivisíveis","CFC Verde Oliva",6-dez,14-dez,50,22,22,"R$ 5,00","R$ 6.250,00",,
"CMS","RS","SANTA MARIA","ACERBI","atendimento pré-hospítalar","PqRMnt/3",15-ago,24-ago,80,150,150,"R$ 0,00","R$ 0,00",,
"CMS","RS","SANTA MARIA","SENAR","operação e manutenção de motosseras","3º GACAP",5-jul,8-jul,32,7,7,"R$ 0,00","R$ 0,00",,
"CMS","RS","SANTA MARIA","SENAR","operação e manutenção de motosseras","29º BIB",13-set,16-set,32,6,6,"R$ 0,00","R$ 0,00",,
"CMS","RS","SANTA MARIA","SENAR","operação e manutenção de motosseras","13ª Cia DAM",8-nov,11-nov,32,6,6,"R$ 0,00","R$ 0,00",,
"CMS","RS","SANTA MARIA","SENAR","educação ambiental","Cmdo 3ª DE",25-jul,26-jul,16,20,20,"R$ 0,00","R$ 0,00",,
"CMS","RS","SANTA MARIA","SENAR","educação ambiental","29º BIB",27-set,28-set,16,25,25,"R$ 0,00","R$ 0,00",,
"CMS","RS","SANTA MARIA","SENAR","educação ambiental","4º B Log",24-out,25-out,16,20,20,"R$ 0,00","R$ 0,00",,
"CMS","RS","SANTA MARIA","SENAR","soldador","4º B Log",20-out,24-out,24,6,6,"R$ 0,00","R$ 0,00",,
"CMS","RS","SANTA MARIA","SENAR","guasqueiro trabalho em couro","3º GAC AP",11-out,13-out,24,12,12,"R$ 0,00","R$ 0,00",,
"CMS","RS","SANTA MARIA","SENAR","soldador","PqRMnt/3",25-out,27-out,24,6,6,"R$ 0,00","R$ 0,00",,
"CMS","RS","SANTA MARIA","SENAR","eletricista","3º GACAP",26-out,28-out,24,18,18,"R$ 0,00","R$ 0,00",,
"CMS","RS","SANTA MARIA","SENAR","eletricista","Cmdo 3ª DE",16-nov,18-nov,24,18,18,"R$ 0,00","R$ 0,00",,
"CMS","RS","SANTA MARIA","SENAR","eletricista","CIBld",25-nov,29-nov,24,18,18,"R$ 0,00","R$ 0,00",,
"CMS","RS","SANTA MARIA","SENAR","eletricista","4º B Log",30-nov,2-dez,24,18,18,"R$ 0,00","R$ 0,00",,
"CMS","RS","SANTA MARIA","SENAR","eletricista","29º BIB",5-dez,7-dez,24,18,18,"R$ 0,00","R$ 0,00",,
"CMS","RS","SANTA MARIA","SEST/SENAT","transporte de emergência","SENAT",26-ago,4-set,50,5,5,"R$ 0,00","R$ 0,00",,
"CMS","RS","SANTA MARIA","SEST/SENAT","operador de empilhadeira","4º B Log",29-set,29-set,32,25,25,"R$ 0,00","R$ 0,00",,
"CMS","RS","SANTA MARIA","SEST/SENAT","operador de ponte rolante","PqRMnt/3",21-nov,25-nov,40,20,25,"R$ 0,00","R$ 0,00",,
"CMS","RS","SANTA MARIA","SEST/SENAT","operador de guindauto","4º B Log",21-nov,25-nov,40,20,25,"R$ 0,00","R$ 0,00",,
"CMS","RS","SANTA MARIA","SEST/SENAT","frentista","4º B Log",26-nov,2-dez,40,24,24,"R$ 0,00","R$ 0,00",,
"CMS","RS","SANTA MARIA","SEST/SENAT","mecânica diesel básica","4º B Log",16-nov,29-nov,140,20,20,"R$ 2,86","R$ 8.000,00",,
"CMS","RS","SANTA MARIA","SENAC","master de garçom","SENAC",19-dez,30-dez,60,5,5,"R$ 0,00","R$ 0,00",,
"CMS","RS","SANTIAGO","9º B Log","Mudança de Categoria de CNH (C; D; e E)","CFC Menna Berreto",1-abr,30-jun,100,20,20,"R$ 5,00","R$ 10.000,00",,
"CMS","RS","SANTO ÂNGELO","1º B Com","Mudança de Categoria de CNH (C; e D)","CFC 1º B Com",23-fev,6-jun,100,16,13,"R$ 5,00","R$ 10.000,00",,
"CMS","RS","SANTO ÂNGELO","1º B Com","Mudança de Categoria de CNH (C; e D)","CFC 1º B Com",8-jul,12-set,100,16,16,"R$ 5,00","R$ 8.000,00",,
"CMS","RS","SANTO ÂNGELO","SEST/SENAT","transporte produtos perigosos","SEST/SENAT",2-out,7-out,50,25,25,"R$ 5,00","R$ 4.000,00",,
"CMS","RS","SANTO ÂNGELO","SEST/SENAT","transporte coletivo de passageiros","SEST/SENAT",10-out,14-out,50,25,25,"R$ 5,00","R$ 4.000,00",,
"CMS","RS","SÃO GABRIEL","6º BE Cmb","Mudança de Categoria de CNH (C; D; e E)","6º BE Cmb",12-set,29-set,75,44,44,"R$ 5,00","R$ 14.863,41",,
"CMS","RS","SÃO GABRIEL","6º BE Cmb","Mudança de Categoria de CNH (C; D; e E)","6º BE Cmb",6-out,24-out,75,38,38,"R$ 5,00","R$ 12.836,59",,
"CMS","RS","SÃO GABRIEL","SEST/SENAT","transporte coletivo de passageiros","6º BE Cmb",21-nov,9-dez,50,24,24,"R$ 5,00","R$ 7.800,00",,
"CMS","RS","SÃO GABRIEL","SEST/SENAT","transporte coletivo de passageiros","9º RCB",21-nov,9-dez,50,15,15,"R$ 6,67","R$ 5.000,00",,
"CMS","RS","São Leopoldo","16º GAC AP","Mudança de Categoria de CNH (C; D; e E)","16º GAC AP",11-abr,1-set,100,13,13,"R$ 5,00","R$ 3.750,00",,
"CMS","RS","São Leopoldo","16º GAC AP","Mudança de Categoria de CNH (C; D; e E)","16º GAC AP",31-out,11-nov,100,10,10,"R$ 5,00","R$ 10.000,00",,
"CMS","RS","São Leopoldo","16º GAC AP","Mudança  categoria CNH (categoria D)","16º GAC AP",28-nov,23-dez,100,20,20,"R$ 5,00","R$ 10.000,00",,
"CMS","RS","São Leopoldo","16º GAC AP","mudança de categoria “D” e “E”","16º GAC AP",28-nov,23-dez,100,8,8,"R$ 5,00","R$ 4.000,00",,
"CMS","RS","São Leopoldo","CFC CABERLON","transporte de emergência ","CFC CABERLON",1-nov,30-nov,25,11,11,"R$ 3,92","R$ 1.078,00",,
"CMS","RS","São Leopoldo","CFC CABERLON","cargas indivisíveis ","CFC CABERLON",1-nov,30-nov,25,12,12,"R$ 3,92","R$ 1.176,00",,
"CMS","RS","São Leopoldo","CFC CABERLON","transporte de produtos perigosos ","CFC CABERLON",1-nov,30-nov,50,10,9,"R$ 3,58","R$ 1.790,00",,
"CMS","RS","São Leopoldo","CFC CABERLON","transporte escolar ","CFC CABERLON",1-nov,30-nov,50,10,10,"R$ 3,92","R$ 1.960,00",,
"CMS","SC","Blumenau","CEDUP","Helpdesk","CEDUP",27-jun,16-set,"200 ","1 ","1 ","R$ 0,00","R$ 0,00",,
"CMS","SC","Blumenau","Blusoft","Desenvolvimento de sistemas em Filemaker","Pro Way",9-mai,7-out,"400 ","1 ","1 ","R$ 0,00","R$ 0,00",,
"CMS","SC","Blumenau","Blusoft","Desenvolvimento de sistemas em COBOL","Pro Way",16-mai,7-out,"400 ","1 ","1 ","R$ 0,00","R$ 0,00",,
"CMS","SC","Blumenau","Blusoft","Desenvolvimento de sistemas em PHP","Blusoft",16-mai,7-out,"400 ","1 ","1 ","R$ 0,00","R$ 0,00",,
"CMS","SC","Criciúma","SEST/SENAT","Condutores de Veículos de Transporte de Emergência","Criciúma",22-ago,31-ago,"50 ","3 ","3 ","R$ 0,00","R$ 0,00",,
"CMS","SC","Criciúma","SEST/SENAT","Condutor de Movimentação de Produtos Perigosos (MOPP)","Criciúma",8-ago,12-ago,"50 ","3 ","3 ","R$ 0,00","R$ 0,00",,
"CMS","SC","São Miguel do Oeste","SENAI","Panificação e Confeitaria (pães básicos)","SENAI",25-fev,25-fev,"8 ","1 ","1 ","R$ 0,00","R$ 0,00",,
"CMS","SC","São Miguel do Oeste","SENAI","Curso Profissionalizante Pedreiro,","SENAI",16-mai,17-jun,"160 ","20 ","20 ","R$ 0,00","R$ 0,00",,
"CMS","SC","São Miguel do Oeste","SENAI","Curso Profissionalizante Eletricista","SENAI",20-jun,22-jul,160,20,"20 ","R$ 0,00","R$ 0,00",,
"CMS","SC","São Miguel do Oeste","SENAI","Curso ProfissionalizanteInstalador Hidráulico","SENAI",25-jul,26-ago,160,20,"20 ","R$ 0,00","R$ 0,00",,
"CMS","SC","São Miguel do Oeste","SEST/SENAT","Condutor de Transporte Coletivo de passageiros","SEST/SENAT",18-abr,25-mai,"50 ","11 ","11 ","R$ 7,24","R$ 3.980,00",,
"CMS","SC","São Miguel do Oeste","SEST/SENAT","Condutor de Transporte de Emergência","SEST/SENAT",18-abr,25-mai,"50 ","11 ","11 ","R$ 7,24","R$ 3.980,00",,
"CMNE","SE","Aracajú","SENAC","Auxiliar de Cozinha","SENAC",14-set,2-dez,"220 ","3 ","3 ","R$ 1,36","R$ 900,00",,
"CMNE","SE","Aracajú","SENAC","Garçom","SENAC",7-nov,23-dez,"220 ","1 ","1 ","R$ 2,29","R$ 504,00",,
"CMNE","SE","Aracajú","SENAC","Preparo de Bolos e Tortas","SENAC",19-set,5-out,"39 ","1 ","1 ","R$ 4,69","R$ 183,00",,
"CMNE","SE","Aracajú","SENAC","Pizzaiolo","SENAC",5-out,17-out,"24 ","1 ","1 ","R$ 6,33","R$ 152,00",,
"CMNE","SE","Aracajú","SENAC","Salgadeiro","SENAC",3-out,30-nov,"160 ","1 ","1 ","R$ 1,61","R$ 258,00",,
"CMNE","SE","Aracajú","SENAC","Montagem e Manutenção de Micro","SENAC",7-nov,9-dez,"160 ","15 ",15,"R$ 5,21","R$ 12.500,00",,
"CMNE","SE","Aracajú","SENAI","Eletricista Predial Básico","SENAI",7-nov,5-dez,"100 ","20 ",20,"R$ 6,50","R$ 13.000,00",,
"CMSE","SP","Jundiaí","SENAI","Torneiro Mecânico","12º GAC",1-ago,10-out,160,7,7,"R$ 0,00","R$ 0,00",,
"CMSE","SP","Jundiaí","SENAI","Controle Dimensional","12º GAC",1-ago,10-out,160,9,9,"R$ 0,00","R$ 0,00",,
"CMSE","SP","Jundiaí","SENAI","Mecânico de Usinagem","12º GAC",1-ago,10-out,160,2,2,"R$ 0,00","R$ 0,00",,
"CMSE","SP","Pindamonhangaba","SENAI","Segurança em Instalações e Eletricidade NR10","SENAI",4-ago,12-ago,40,20,20,"R$ 0,00","R$ 0,00",,
"CMSE","SP","São Bernardo do Campo","Volkswagen","Tecnologia de Motores Ciclo Diesel","SENAI",22-ago,21-set,160,30,30,"R$ 0,00","R$ 0,00",,
"CMSE","SP","São Paulo","PMESP","MOPP","PMESP",6-jun,10-jun,36,5,5,"R$ 0,00","R$ 0,00",,
"CMSE","SP","São Paulo","PMESP","Transporte Coletivo de Passageiros","PMESP",4-abr,8-jun,36,9,5,"R$ 0,00","R$ 0,00",,
"CMSE","SP","São Paulo","SENAI","Soldador","2º B Log L",10-mai,18-jul,160,16,16,"R$ 0,00","R$ 0,00",,
"CMSE","SP","São Paulo","SENAI","Eletricista","SENAI",1-ago,10-out,160,16,16,"R$ 0,00","R$ 0,00",,
"CMSE","SP","São Paulo","SENAI","Op Empilhadeira","21º D Sup",10-ago,19-ago,24,12,12,"R$ 0,00","R$ 0,00",,
"CMSE","SP","São Paulo","EPT","Instrutor e Examinador DETRAN SP","EPT",6-jun,17-ago,180,15,15,"R$ 0,00","R$ 0,00",,
"CMSE","SP","Taubaté","Escola Municipal do Trabalho","Comandos Elétricos","EMT",3-fev,11-mai,160,2,2,"R$ 0,00","R$ 0,00",,
"CMSE","SP","Taubaté","SENAI","Op Empilhadeira","CavEx",10-ago,19-ago,24,12,12,"R$ 0,00","R$ 0,00",,
"CMP","TO","Palmas","SENAC","Curso de Pintor Predial","SENAC",16-mar,25-abr,"160 ","30 ","30 ","R$ 0,00","R$ 0,00",,
"CMP","TO","Palmas","SENAC","Curso de Recepcionista em meios de hospedagem","SENAC",23-fev,5-abr,"160 ","30 ","30 ","R$ 0,00","R$ 0,00",,
"CMP","TO","Palmas","SENAC","Curso de Garçom","SENAC",13-set,28-nov,"160 ","30 ","30 ","R$ 0,00","R$ 0,00",,
,,,,,,,,,"6902 ","6768 ",,"R$ 2.003.184,09",,
